{"cameraMode":{"drawMode":0,"name":"Shaded","section":"Shading Mode"},"sceneLighting":true,"audioPlay":false,"sceneViewState":{"showFog":true,"showMaterialUpdate":false,"showSkybox":true,"showFlares":true,"showImageEffects":true,"showParticleSystems":true},"in2DMode":false,"pivot":{"x":32.69572448730469,"y":-6.324695587158203,"z":0.04245123267173767},"rotation":{"x":0.10216274857521057,"y":0.6980830430984497,"z":-0.1015046015381813,"w":0.7015452980995178},"size":22.839553833007814,"orthographic":false}